question,falcon,verdict,time
What is the capital city of the United Arab Emirates?,Abu Dhabi is the capital city of the United Arab Emirates. It serves as the political and economic center of the country.,Correct.,2.8989200592041016
What is the largest desert in the Arabian Peninsula?,"The Rub' al Khali, also known as the Empty Quarter, is the largest desert in the Arabian Peninsula. It covers an area of approximately 650,000 square kilometers.",Correct.,1.6694471836090088
Which body of water separates Saudi Arabia from Africa?,The Red Sea separates Saudi Arabia from Africa. It is a major waterway that plays a crucial role in global trade routes.,Correct.,1.4398720264434814
Which two rivers define the region historically known as Mesopotamia?,Tigris and Euphrates rivers define the region historically known as Mesopotamia.,Correct.,1.3257920742034912
What is the official language of the United Arab Emirates?,The official language of the United Arab Emirates is Arabic. English is widely spoken as a second language due to economic globalization and expatriate population.,Correct.,1.497750997543335
"Which global city in the UAE is known for hosting a futuristic architectural landscape and the world's tallest building, the Burj Khalifa?",audios/1_8578.mp3,Wrong.,0.5496981143951416
"Which country in the Middle East is known for its ancient city of Petra, carved into rose-red cliffs?",Jordan,Correct.,1.0431060791015625
Which Persian Gulf country is an archipelago and has Manama as its capital?,"Bahrain is an archipelago in the Persian Gulf, and Manama serves as its capital.",Correct.,1.394218921661377
What is the dominant religion practiced in the Middle East?,Islam is the dominant religion in the Middle East.,Correct.,1.2174673080444336
Which canal connects the Mediterranean Sea to the Red Sea?,The Suez Canal links the Mediterranean Sea with the Red Sea. It was opened in 1869 and is a crucial shipping route.,Correct.,1.518064022064209
"Which mountain range stretches across Morocco, Algeria, and Tunisia in North Africa?",Algerian Anti-Atlas,Wrong.,1.164959192276001
Which major river runs through Egypt and is considered one of the longest rivers in the world?,The Nile River runs through Egypt and is one of the longest rivers in the world. It is crucial for agriculture and supports diverse ecosystems.,Correct.,1.523488998413086
What is the currency used in the United Arab Emirates?,The currency used in the United Arab Emirates is the UAE Dirham (AED).,Correct.,1.317107915878296
"What is the name of the fertile region in the Middle East where agriculture and early human civilizations developed, often referred to as the ""Cradle of Civilization""?",The Fertile Crescent is known as the Cradle of Civilization. It extends from the Nile River valley in Egypt through the Levant and Mesopotamia to the Indus Valley.,Correct.,1.6427762508392334
"Which sea is bordered by Turkey to the north, Syria and Lebanon to the east, Israel and Egypt to the southeast, and Greece to the northwest?","The Mediterranean Sea is bordered by Turkey, Syria, Lebanon, Israel, Egypt, and Greece. It touches many countries around its coastline, including those mentioned.",Correct.,1.6148622035980225
"What is the strategic strait called that connects the Persian Gulf to the Gulf of Oman, through which a significant portion of the world's oil passes?",The Strait of Hormuz is strategically important as it serves as a vital transit point for global oil shipments.,Correct.,1.4333152770996094
"Which Middle Eastern country is home to the ancient city of Babylon, one of the most famous cities of antiquity?",Babylon is located in modern-day Iraq. It was a significant city in ancient Mesopotamia.,Correct.,1.3394172191619873
Which river forms part of the border between Israel and Jordan and is also significant in Christian religious history?,The Jordan River forms part of the border between Israel and Jordan and holds significant importance in Christian religious history as it is associated with Jesus' baptism.,Correct.,1.579362154006958
Which city in Saudi Arabia is considered the holiest city in Islam and the birthplace of the Prophet Muhammad?,"Mecca is the holiest city in Islam and is located in western Saudi Arabia. It is the birthplace of the Prophet Muhammad and the site of the Kaaba, which Muslims face during prayer.",Correct.,1.7447450160980225
Which country in the Middle East is known for its vast oil reserves and shares a border with the Persian Gulf and the Red Sea?,Saudi Arabia is known for its vast oil reserves and shares a border with the Persian Gulf and the Red Sea.,Correct.,1.4460008144378662
"What is the tallest building in the world, located in Dubai, UAE?","The Burj Khalifa, standing at 828 meters (2,717 feet), is the tallest building in the world, located in Dubai, UAE.",Correct.,1.5916109085083008
What is the name of the body of water that separates the Arabian Peninsula from Iran?,The name of the body of water is the Gulf of Oman. It connects the Arabian Gulf to the Strait of Hormuz.,Wrong.,1.424900770187378
Which country in the Middle East is famous for the ancient ruins of Persepolis and is known for its Persian history and culture?,"Iran, also known as Persia, is famous for the ancient ruins of Persepolis, reflecting its rich Persian history and culture.",Correct.,1.4855890274047852
"What historic agreement, signed in 1978, laid the foundation for peace between Egypt and Israel?","The Camp David Accords, facilitated by President Carter, led to a peace treaty between Egypt and Israel. This agreement included provisions for autonomy in the West Bank and Gaza Strip.",Correct.,1.654148817062378
"What is the name of the initiative aimed at diversifying the economy of Saudi Arabia and reducing its dependence on oil, announced in 2016?",Saudi Vision 2030,Correct.,1.2491650581359863
Which Middle Eastern country is known for producing a significant share of the world's dates and has Riyadh as its capital?,Saudi Arabia,Correct.,1.1124019622802734
Which city is the capital of Lebanon and is known for its historic architecture and vibrant cultural scene?,"Beirut is the capital of Lebanon, known for its historic architecture and vibrant cultural scene.",Correct.,1.4166510105133057
Which Middle Eastern country has the largest population in the region?,Egypt,Correct.,1.105078935623169
"In which Middle Eastern country can you find the ancient city of Jericho, one of the oldest inhabited cities in the world?",The ancient city of Jericho is located in Palestine.,Correct.,1.2712831497192383
"Which capital city in the Middle East is known as the ""City of the Dead"" due to its historic necropolis and is a UNESCO World Heritage Site?","Abu Dhabi, the capital of the United Arab Emirates, is known as the ""City of the Dead"" because of its ancient necropolis. It was designated a UNESCO World Heritage Site in 2011.",Wrong.,1.8564379215240479
Which two countries in the Middle East are connected by the King Fahd Causeway?,Saudi Arabia and Kuwait.,Wrong.,1.3214988708496094
What is the predominant religion in Iran?,The predominant religion in Iran is Shia Islam.,Correct.,1.204759120941162
"Which Middle Eastern city is known for its historical sites, including the Dome of the Rock and the Western Wall?","The city is Jerusalem. It is a significant site for multiple religions, including Islam, Judaism, and Christianity.",Correct.,1.3958067893981934
"Which body of water lies between the Arabian Peninsula and the Horn of Africa, known for being one of the busiest shipping routes in the world?","The Red Sea lies between the Arabian Peninsula and the Horn of Africa, known for being one of the busiest shipping routes due to its strategic location.",Correct.,1.5779409408569336
"Which city in the UAE is famous for its Formula 1 Grand Prix, held annually on a circuit surrounding Yas Marina?",The city of Abu Dhabi hosts the annual Formula 1 Grand Prix.,Correct.,1.3015978336334229
Which Middle Eastern country is bordered by both the Mediterranean Sea and the Jordan River?,Israel is bordered by the Mediterranean Sea and the Jordan River.,Correct.,1.2955281734466553
Which mountain range forms a natural border between Iran and Iraq?,The Zagros Mountains form a natural border between Iran and Iraq.,Correct.,1.2848680019378662
"Which city is the largest in the UAE and is known for its luxury shopping, ultramodern architecture, and vibrant nightlife scene?","Dubai is the largest city in the UAE, renowned for its luxury shopping, ultramodern architecture, and vibrant nightlife scene.",Correct.,1.5323810577392578
Which river is considered the main water source for both Syria and Iraq?,"The Euphrates River serves as a vital water source for both Syria and Iraq. It flows through several countries in the Middle East, providing essential irrigation and drinking water.",Correct.,1.639714002609253
Which OPEC member country has its capital in Kuwait City?,Kuwait,Correct.,1.1167371273040771
Which country is the largest in the Middle East by land area?,Saudi Arabia is the largest country in the Middle East by land area.,Correct.,1.3158478736877441
"Which Middle Eastern country is known as the ""Land of Cedars"" and has Beirut as its capital?","Lebanon is known as the ""Land of Cedars,"" and its capital is Beirut.",Correct.,1.3959240913391113
Which major world religion originated in what is now modern-day Saudi Arabia in the 7th century?,Islam,Correct.,1.1217091083526611
"Which Middle Eastern city is both an ancient and a modern metropolis, known as a cultural and religious hub for thousands of years and is home to the Church of the Holy Sepulchre and the Al-Aqsa Mosque?","Jerusalem is a city that blends ancient history with modern urban life. It holds great significance as a religious site for Christianity, Islam, and Judaism, making it a focal point of cultural and spiritual importance.",Correct.,1.802929162979126
Which Middle Eastern body of water is one of the world's most saline and is located between Israel and Jordan?,"The Dead Sea is a Middle Eastern body of water located between Israel and Jordan, known for its high salinity and unique ecosystem.",Correct.,1.5505728721618652
Which Middle Eastern city is known for its iconic Blue Mosque and serves as a bridge between Europe and Asia?,"Ankara is the capital of Turkey, known for its iconic Anıtkabir, which serves as a significant monument to Atatürk. However, Istanbul is often referred to as a bridge between Europe and Asia, although it's not the Blue Mosque itself that facilitates this connection.",Wrong.,2.001288890838623
What is the dominant language spoken in Iran?,"The official language of Iran is Persian, also known as Farsi. It is widely spoken across the country.",Correct.,1.4461381435394287
"Which Middle Eastern country is comprised of a series of islands and is known for its financial sector, with Manama as its capital?","Bahrain is an archipelago of over 30 islands in the Persian Gulf and is renowned for its robust financial services industry, serving as a major banking hub in the region.",Correct.,1.6676537990570068
Which Middle Eastern country is known for its cedar trees and has historically been a major center for commerce and trade due to its location on the Mediterranean coast?,Syria,Wrong.,1.1232850551605225
"Which river flows through Baghdad, the capital of Iraq, and has been historically crucial to the region's agriculture and civilization?","The Tigris River flows through Baghdad. Historically, it has been vital for irrigation and supporting agriculture in the region.",Correct.,1.5376877784729004
"Which Middle Eastern country is home to the ancient sites of Persepolis and Pasargadae, reflecting its rich Persian heritage?",The country is Iran. It is a UNESCO World Heritage site.,Correct.,1.3277287483215332
"Which country in the Middle East is known for its historic trade city of Petra, carved into rose-red cliffs?",Jordan,Correct.,1.0952601432800293
"What is the name of the peninsula in the Middle East that includes countries like Saudi Arabia, Yemen, and Oman?","The Arabian Peninsula consists of countries such as Saudi Arabia, Yemen, and Oman. It is located in the Middle East and includes parts of the Red Sea and the Arabian Gulf.",Correct.,1.6215307712554932
Which Middle Eastern country is known for its diverse ecosystem along the Jordan River Valley and the lowest point on Earth's surface at the Dead Sea?,"Israel and Palestine are both located in this region, with Israel being the country most directly associated with the Dead Sea and its unique ecosystems.",Correct.,1.5909569263458252
"Which Middle Eastern country, known for its rich history and archaeological sites, has Amman as its capital?","The capital of Jordan is Amman. Known for its ancient Roman ruins and historical significance, Jordan attracts many visitors interested in exploring its cultural heritage.",Correct.,1.5279130935668945
Which country is the only one in the Middle East that has a population of predominantly Jewish people?,Israel is the only country in the Middle East with a predominantly Jewish population.,Correct.,1.3335039615631104
Which Middle Eastern country is composed of a federation of seven emirates?,Emirati United Arab Emirates (UAE).,Wrong.,1.266502857208252
"Which Middle Eastern city is famous for its ancient walled Old City and significant religious sites such as the Western Wall, the Temple Mount, and the Church of the Holy Sepulchre?","The city is Jerusalem. It holds immense historical and religious significance, with the Western Wall being a remnant of the Second Temple.",Correct.,1.570143222808838
Which two seas are connected by the Suez Canal in Egypt?,The Suez Canal connects the Mediterranean Sea to the Red Sea.,Correct.,1.2619068622589111
What is the primary export of the Middle Eastern country Qatar?,Qatar's primary export is natural gas.,Correct.,1.216235876083374
Which Middle Eastern country is known for its significant influence in both Arab and Islamic culture and is the birthplace of the Prophet Muhammad?,"Kuwait is known for its significant influence in both Arab and Islamic culture, and it is the birthplace of the Prophet Muhammad.",Wrong.,1.51621413230896
"Which river, considered sacred in Judaism, Christianity, and Islam, serves as a natural boundary between Israel and Jordan?","The Jordan River is revered as sacred in Judaism, Christianity, and Islam. It forms a natural border between Israel and Jordan.",Correct.,1.517716884613037
"Which city in the UAE is famous for its futuristic skyline, artificial islands, and hosting the annual Expo 2020 event?","Dubai is famous for its futuristic skyline, artificial islands, and hosting the annual Expo 2020 event.",Correct.,1.501723289489746
Which body of water is located to the southeast of the Arabian Peninsula and is bordered by countries like Yemen and Oman?,"The Red Sea is located to the southeast of the Arabian Peninsula, bordered by countries such as Yemen and Oman.",Wrong.,1.4362430572509766
Which Middle Eastern country's national flag features a cedar tree?,Syria,Wrong.,1.0856833457946777
Which two countries border the Dead Sea?,Israel and Jordan border the Dead Sea.,Correct.,1.2052700519561768
"Which city in Israel is known for its high-tech industry and is often referred to as the ""Silicon Wadi""?","The city of Herzliya is known for its high-tech industry and is often referred to as the ""Silicon Wadi.""",Wrong.,1.51739501953125
What is the official language of Oman?,"Oman's official language is Arabic. English is also widely spoken, particularly in business and tourism contexts.",Correct.,1.4106409549713135
"Which country in the Middle East is known for its rich cultural history, including the ancient city of Palmyra, and has Damascus as its capital?","Syria is known for its rich cultural history, including the ancient city of Palmyra, with Damascus serving as its capital.",Correct.,1.5249300003051758
Which landlocked country in the Middle East has Kabul as its capital?,Afghanistan,Wrong.,1.0978670120239258
Which Middle Eastern country is known for being the site of the ancient city of Troy and straddles both Europe and Asia?,"Turkey is the country known for being the site of the ancient city of Troy and it straddles both Europe and Asia, dividing into two continents via the Bosphorus Strait.",Correct.,1.6297621726989746
"Which Middle Eastern country is home to the ancient city of Carthage, which was a powerful city-state in ancient times?","
Carthage is located in Tunisia. It was a significant Phoenician city-state in ancient times.",Wrong.,1.463670015335083
"Which Middle Eastern city is known as the ""City of a Thousand Minarets,"" reflecting its historical significance in the Islamic world?","Cairo is known as the ""City of a Thousand Minarets."" It is a major cultural and religious center in the Islamic world.",Correct.,1.551137924194336
Which Middle Eastern country is known for its historic Persian Empire and has Tehran as its capital?,Iran,Correct.,1.1389861106872559
"Which major Middle Eastern city is an ancient crossroads between East and West and is located on two continents, Europe and Asia?","The ancient city of Istanbul, formerly known as Constantinople, serves as a cultural and historical bridge between East and West, spanning both Europe and Asia.",Correct.,1.5204710960388184
What is the smallest country in the Middle East by land area?,The smallest country in the Middle East by land area is the United Arab Emirates (UAE).,Wrong.,1.4044392108917236
"Which country in the Middle East is known for its ""cedars of God,"" and has a landscape featuring both Mediterranean coastlines and mountainous areas?","Lebanon is known for its ""cedars of God,"" and it features both Mediterranean coastlines and mountainous areas.",Correct.,1.444530963897705
Which two Middle Eastern rivers are historically associated with the region known as Mesopotamia?,Tigris and Euphrates.,Correct.,1.187326192855835
"Which Middle Eastern city is called the ""Eternal City"" and is home to the world's largest mosque, the Imam Reza Shrine?","Tehran, Iran.",Wrong.,1.1801109313964844
"Which Middle Eastern country, with Muscat as its capital, is known for its historic maritime trade and frankincense production?",Oman is known for its historic maritime trade and frankincense production.,Correct.,1.3112990856170654
Which Gulf country is known for its vast reserves of natural gas and will host the FIFA World Cup in 2022?,"
Qatar",Correct.,1.139726161956787
"Which desert, known as the largest sand desert in the world, spans parts of Saudi Arabia, Oman, the UAE, and Yemen?","The Rub' al Khali, also known as the Empty Quarter, is the largest sand desert in the world. It stretches across parts of Saudi Arabia, Oman, the UAE, and Yemen.",Correct.,1.695585012435913
"Which ancient city, known as the ""Rose City"" for its rock-cut architecture, is a UNESCO World Heritage Site located in Jordan?","The ancient city of Petra, often referred to as the ""Rose City,"" is a UNESCO World Heritage Site in Jordan. It is famous for its intricate rock-cut architecture and tombs.",Correct.,1.7202389240264893
Which island country in the Middle East is known for being a financial hub and has its capital at Manama?,"Bahrain is an island country in the Middle East known as a financial hub, with its capital city located in Manama.",Correct.,1.4843950271606445
Which Middle Eastern city is the capital of the United Arab Emirates and is known for its modern architecture and cultural sites such as the Sheikh Zayed Grand Mosque?,The capital of the United Arab Emirates is Abu Dhabi. It is renowned for its modern architecture and the Sheikh Zayed Grand Mosque.,Correct.,1.5127673149108887
"Which strait, a vital oil transit chokepoint, separates Iran and Oman and connects the Persian Gulf to the Arabian Sea?",The Strait of Hormuz is the key oil transit chokepoint separating Iran and Oman and connecting the Persian Gulf to the Arabian Sea.,Correct.,1.5013322830200195
"Which Middle Eastern country is known for its two holy cities, Mecca and Medina, and is the birthplace of Islam?","Saudi Arabia is home to Mecca and Medina, and it is the birthplace of Islam.",Correct.,1.3659231662750244
"Which country in the Middle East is known for its thriving tech industry, often referred to as the ""Start-Up Nation""?","Israel is known for its thriving tech industry, often referred to as the ""Start-Up Nation.""",Correct.,1.436640977859497
"Which Middle Eastern river is crucial to the water supply of Lebanon, Israel, and Jordan, and is often a point of geopolitical interest?","The Jordan River is crucial to the water supply of Lebanon, Israel, and Jordan, and is often a point of geopolitical interest due to its limited resources and competing claims.",Correct.,1.6558330059051514
"Which ancient Middle Eastern empire was known for its advanced road system and postal service, originating in present-day Iran?","The Achaemenid Empire, also known as the First Persian Empire, is renowned for its extensive road system and efficient postal service.",Correct.,1.5343139171600342
"Which city, one of the oldest continuously inhabited cities in the world, serves as the capital of Syria?",The city of Damascus is both an ancient city and the capital of Syria.,Correct.,1.3555591106414795
"Which Middle Eastern country is known for its policy of neutrality and is home to the tallest building in Abu Dhabi, the Burj Mohammed Bin Rashid?",UAE,Correct.,1.0815837383270264
Which Middle Eastern country is an archipelago in the Persian Gulf and is known for hosting the annual Formula 1 Bahrain Grand Prix?,The Kingdom of Bahrain is an archipelago in the Persian Gulf. It is renowned for hosting the annual Formula 1 Bahrain Grand Prix.,Correct.,1.5485000610351562
Which Middle Eastern city is the capital of Jordan and known for its ancient Roman theater and modern cultural scene?,"Amman is the capital of Jordan, famous for its ancient Roman Theater and vibrant cultural life.",Correct.,1.419090986251831
"Which Middle Eastern peninsula is known for being the site of early human civilization and includes parts of modern-day Saudi Arabia, Yemen, Oman, UAE, Kuwait, Bahrain, Qatar, and Jordan?","The Arabian Peninsula is known for being the site of early human civilization. It includes parts of modern-day Saudi Arabia, Yemen, Oman, UAE, Kuwait, Bahrain, Qatar, and Jordan.",Correct.,1.7662122249603271
"Which major city in the UAE is known for its luxury shopping, ultramodern architecture, and the iconic Palm Jumeirah, an artificial archipelago?","Dubai is known for its luxury shopping, ultramodern architecture, and the iconic Palm Jumeirah, an artificial archipelago.",Correct.,1.4134666919708252
"Which Middle Eastern country is home to the Dead Sea Scrolls, ancient Jewish texts discovered in the Qumran Caves?","The Dead Sea Scrolls are located in the West Bank, near the Jordan border. These scrolls were discovered in the Qumran Caves and date back to the 2nd century BCE.",Correct.,1.662377119064331
"Which Middle Eastern desert is known as the ""Desert of Deserts"" and spans multiple countries, including Saudi Arabia and Iraq?","The Rub' al Khali, also known as the Empty Quarter, is considered the ""Desert of Deserts"" and covers parts of Saudi Arabia, Oman, Yemen, and the United Arab Emirates.",Wrong.,1.7284979820251465
What is the main economic activity in the Persian Gulf countries that has significantly contributed to their wealth?,"The main economic activity in the Persian Gulf countries is oil production and export, which has significantly contributed to their wealth.",Correct.,1.6009442806243896
"Which Middle Eastern country is known for its cedar forests and is historically called ""the Pearl of the Middle East""?","Lebanon is known for its cedar forests, and it has historically been referred to as the ""Pearl of the Middle East.""",Correct.,1.576535940170288
"Which Middle Eastern country, located on the Anatolian Peninsula, is known for its transcontinental city of Istanbul, which straddles Europe and Asia?",Turkey,Correct.,1.3022050857543945
Which Middle Eastern country has the city of Tbilisi as its capital?,"No, that's incorrect. The capital of Georgia is Tbilisi, which is a country in the Caucasus region, not a Middle Eastern country.",Correct.,1.5227539539337158
Which sea is the saltiest in the world and borders Jordan and Israel?,"The Red Sea is the saltiest in the world and borders Jordan and Israel. It's known for its high salinity, which supports unique marine life.",Wrong.,1.5776550769805908
Which city in the United Arab Emirates is known for its skyscrapers and hosts the annual Dubai Shopping Festival?,"Dubai is known as a city with numerous skyscrapers, and it hosts the annual Dubai Shopping Festival.",Correct.,1.39872407913208
"Which Middle Eastern country is known for its historical city of Petra, an ancient archaeological site carved into red sandstone cliffs?",The country known for Petra is Jordan. It's a UNESCO World Heritage site and a testament to the Nabataean Kingdom's architectural prowess.,Correct.,1.5677149295806885
"Which river, flowing through Iraq, Syria, and Turkey, is one of the primary rivers of the Mesopotamian region?","The Euphrates River flows through Iraq, Syria, and Turkey, and is one of the primary rivers of the Mesopotamian region.",Correct.,1.492103099822998
"Which Middle Eastern country has a predominantly Persian-speaking population and is known for its rich cultural heritage in poetry, architecture, and art?","Iran is the Middle Eastern country with a predominantly Persian-speaking population. Known for its rich cultural heritage in poetry, architecture, and art, Iran has produced renowned figures like Rumi and Hafez in literature and iconic structures such as the Taj Mahal in India, influenced by Persian architecture.",Correct.,1.9840049743652344
"Which Middle Eastern city is known as the ""City of Peace"" and is the administrative capital of the Arab League?","UAE's Abu Dhabi is often referred to as the ""City of Peace,"" serving as the administrative capital of the Arab League.",Wrong.,1.5097901821136475
"Which country in the Middle East is recognized for its rich production of olive oil and where the city of Jerash, noted for its well-preserved ancient Roman ruins, is located?",Israel is known for its rich production of olive oil. Jerash is located in Jordan.,Wrong.,1.4037327766418457
"Which Middle Eastern country is known for its unique government system, where the head of state is a sultan with significant cultural and historical influence from both Africa and Arabia?","The Sultanate of Oman is known for its unique blend of African and Arabian influences in governance and culture. It is led by the Al Said dynasty, with the current ruler being Sultan Haitham bin Targhud.",Correct.,1.8435208797454834
Which Middle Eastern country is situated at the crossroads of Europe and Asia and is home to the historic region of Anatolia?,"Turkey is a country located in this area, known for its rich history and cultural heritage, including the ancient region of Anatolia.",Correct.,1.5065441131591797
"Which Middle Eastern country is known for its vast oil reserves and the city of Basra, an important port city near the Persian Gulf?",Iraq,Correct.,1.1078639030456543
"Which Middle Eastern country has cities such as Aleppo and Damascus, both known for their significant historical and cultural heritage?",Syria,Correct.,1.079864740371704
"Which Arabian Gulf country is known for its diverse expatriate population and the tallest building in the world, the Burj Khalifa?","Dubai is known for its diverse expatriate population and the Burj Khalifa, located in the city, holds the title of the tallest building in the world.",Wrong.,1.5760369300842285
Which Middle Eastern body of water separates Saudi Arabia from Africa?,The Red Sea divides Saudi Arabia from Africa.,Correct.,1.2128849029541016
What is the name of the currency used in Saudi Arabia?,Saudi Riyal (SAR),Correct.,1.2136738300323486
"Which country in the Middle East is home to the archaeological site of Persepolis, the ceremonial capital of the ancient Achaemenid Empire?",The archaeological site of Persepolis is not located in the Middle East; it is situated in Iran. It was the ceremonial capital of the ancient Achaemenid Empire.,Wrong.,1.6083920001983643
Which Middle Eastern country shares borders with both the Mediterranean Sea and the Red Sea?,Egypt,Correct.,1.1297590732574463
"Which Middle Eastern country is known for its rich biodiversity, including the Arabian leopard, and has Muscat as its capital?","Oman, located on the southeastern coast of the Arabian Peninsula, is renowned for its rich biodiversity, including the endangered Arabian leopard, and its capital city is Muscat.",Correct.,1.5858089923858643
"Which Middle Eastern desert extends into Jordan, Saudi Arabia, and Iraq and is characterized by its red sand dunes and basalt landscape?","The Anza-Borrego Desert, known for its red sand dunes and basalt landscape, stretches across parts of Jordan, Saudi Arabia, and Iraq.",Wrong.,1.5523698329925537
Which country is known for being the only Jewish-majority state in the world and has Tel Aviv as a major city?,"Israel is known as the Jewish-majority state, with Tel Aviv being one of its major cities.",Correct.,1.4656949043273926
"Which Middle Eastern country is known for its significant oil reserves and the city of Ahvaz, located in the Khuzestan province?","Iran is a Middle Eastern country with substantial oil reserves, and Ahvaz is indeed located in the Khuzestan province.",Correct.,1.576908826828003
Which Middle Eastern country is known for its ancient ruins of Babylon and has Baghdad as its capital?,"Baghdad is the capital of Iraq, a country in the Middle East known for its ancient ruins of Babylon.",Correct.,1.433638095855713
Which Middle Eastern sea is bordered by Jordan to the east and Israel to the west and is one of the world's saltiest bodies of water?,The Dead Sea is the Middle Eastern sea bordered by Jordan to the east and Israel to the west. It is known for being one of the world's saltiest bodies of water.,Correct.,1.6672861576080322
"Which country in the Middle East is known for the city of Byblos, considered one of the oldest continuously inhabited cities in the world?",Lebanon,Correct.,1.1159520149230957
"Which Middle Eastern nation is famous for its historic city of Petra, known as the ""Rose City"" due to its pink-colored sandstone?","The nation famous for Petra is Jordan, often referred to as the ""Rose City"" due to its iconic pink sandstone structures.",Correct.,1.5316779613494873
What is the primary religious faith practiced in Saudi Arabia?,Islam,Correct.,1.1069090366363525
"Which Middle Eastern city, historically known as Byzantium and Constantinople, straddles two continents?","The city is Istanbul, located partly in Europe and partly in Asia.",Correct.,1.3182189464569092
Which Middle Eastern country is known for the ancient city of Mycenae and its rich history in classical antiquity?,"The ancient city of Mycenae is not located in a Middle Eastern country but in Greece. It is renowned for its significant role in classical antiquity, particularly in the Bronze Age.",Correct.,1.6271629333496094
"Which Middle Eastern country has the city of Mecca, considered the holiest city in Islam?",Saudi Arabia is home to the city of Mecca. It is a sacred site for Muslims worldwide.,Correct.,1.3859703540802002
"Which Middle Eastern country, located on the eastern coast of the Mediterranean Sea, is known for its banking sector and has Beirut as its capital?",Country: Lebanon,Correct.,1.148695945739746
What is the primary natural resource that has contributed to the wealth of many countries in the Arabian Peninsula?,Oil is the primary natural resource that has contributed to the wealth of many countries in the Arabian Peninsula.,Correct.,1.4227120876312256
Which Middle Eastern city is known for its historical significance as an ancient trade center and is home to the Al-Aqsa Mosque?,"The city of Jerusalem is renowned for its historical significance as an ancient trade center, and it houses the Al-Aqsa Mosque.",Correct.,1.6321330070495605
"Which river, one of the longest in the world, flows northward through northeastern Africa and is crucial to the agriculture of Egypt?",The Nile River is the longest river in the world and it flows northward through northeastern Africa. It is vital for agriculture in Egypt due to its rich alluvial deposits.,Correct.,1.6272668838500977
"Which Middle Eastern nation is known for its diverse geography, from the mountains of the Zagros Range to the central desert plateau, and has Tehran as its capital?","The nation you're referring to is Iran, known for its varied landscapes. Its capital, Tehran, is a bustling metropolis in the northern part of the country.",Correct.,1.6922271251678467
"Which Middle Eastern body of water is one of the saltiest bodies of water on Earth and is known for its buoyancy, allowing people to float effortlessly?",Dead Sea,Correct.,1.1338558197021484
"Which Middle Eastern city is known for the annual Hajj pilgrimage, attracting millions of Muslims from around the world?",Mecca is the holiest city in Islam and is known as the destination for the annual Hajj pilgrimage.,Correct.,1.600311040878296
"Which Middle Eastern country was the first to discover oil in the Arabian Peninsula, leading to significant economic transformation in the region?","Saudi Arabia was the first Middle Eastern country to discover oil, marking a pivotal moment in its history and the wider Arabian Gulf region.",Wrong.,1.5896778106689453
What is the primary language spoken in the UAE?,"The primary language spoken in the UAE is Arabic. English is also widely used, especially in business and tourism.",Correct.,1.4055140018463135
"Which Middle Eastern country has Istanbul, a city that spans two continents, Europe and Asia?",Turkey,Correct.,1.1487107276916504
"Which Middle Eastern strait serves as a crucial passage for the global oil trade, located between Oman and Iran?","The Strait of Hormuz is a crucial passage for the global oil trade, connecting the Arabian Gulf to the open sea.",Correct.,1.4947710037231445
Which Middle Eastern country is known for its technological hub in the city of Tel Aviv and has a diverse and innovative start-up culture?,"Israel, particularly the city of Tel Aviv, is renowned for its vibrant tech and startup scene in the Middle East.",Correct.,1.6065022945404053
"What is the name of the peninsula in the Middle East that includes the countries of Saudi Arabia, Yemen, Oman, UAE, Kuwait, Bahrain, and Qatar?","The Arabian Peninsula, also known as Al-Jazirah al-Arabiyah, encompasses these countries.",Correct.,1.475898027420044
Which city is the capital of the United Arab Emirates?,Abu Dhabi is the capital city of the United Arab Emirates.,Correct.,1.2889292240142822
"Which desert is known as the largest continuous sand desert in the world and spans parts of Saudi Arabia, Oman, the UAE, and Yemen?","The Rub' al Khali, also known as the Empty Quarter, is the largest continuous sand desert in the world, stretching across Saudi Arabia, Oman, the United Arab Emirates, and Yemen.",Correct.,1.7204039096832275
Which Middle Eastern country is known for its ancient history and has the Pyramids of Giza as one of its most famous landmarks?,Egypt,Correct.,1.1434710025787354
Which body of water separates the Arabian Peninsula from the Horn of Africa?,The Red Sea divides the Arabian Peninsula from the Horn of Africa.,Correct.,1.4147799015045166
"Which Middle Eastern country's flag features a green cedar tree, symbolizing peace, immortality, and tolerance?","Lebanon's flag features a green cedar tree, symbolizing peace, immortality, and tolerance.",Correct.,1.3822321891784668
Which Middle Eastern city is the political and cultural capital of Morocco?,"Rabat is the capital city of Morocco, serving as its political center. It also holds significant cultural importance for the country.",Wrong.,1.47117280960083
What is the smallest country by land area in the Middle East?,"The smallest country by land area in the Middle East is the Sovereign Military Order of Malta, also known as Vatican City. It is not located in the Middle East but in Europe, specifically within Rome, Italy.",Wrong.,1.845703125
"Which Middle Eastern country is known for its unique government structure, featuring a federation of seven emirates, each governed by its own ruler?",UAE (United Arab Emirates),Correct.,1.2440268993377686
"Which Middle Eastern country is home to the ancient historical site of Persepolis, a ceremonial capital of the Achaemenid Empire?",The ancient historical site of Persepolis is located in Iran.,Correct.,1.3578898906707764
Which country in the Middle East is known for having the holy city of Medina?,Saudi Arabia,Correct.,1.0859529972076416
"Which Middle Eastern country is known for its Cedar Revolution and has a history of being called the ""Switzerland of the East""?",Lebanon,Correct.,1.155385971069336
"Which river is often associated with ancient Mesopotamia, forming a significant part of the fertile region between the Tigris and Euphrates Rivers?","The Euphrates River is often associated with ancient Mesopotamia, creating a vital component of the fertile ""Fertile Crescent.""",Correct.,1.473099708557129
What is the official currency of Israel?,The official currency of Israel is the Israeli Shekel (ILS).,Correct.,1.3392739295959473
"Which Middle Eastern desert is known as the ""Empty Quarter"" and spans parts of Saudi Arabia, Oman, the UAE, and Yemen?",The Empty Quarter is a vast desert in the Arabian Peninsula. It's characterized by its large sand dunes and is one of the most significant deserts in the region.,Correct.,1.7388339042663574
"Which Middle Eastern capital city is known as the ""City of a Thousand Minarets""?","Answer: Cairo, Egypt.",Correct.,1.1956632137298584
Which body of water is located to the east of Saudi Arabia and is a critical route for oil transportation?,The Red Sea is located to the east of Saudi Arabia and serves as a vital route for oil transportation.,Wrong.,1.4277760982513428
"Which Middle Eastern city is famous for the Grand Bazaar, one of the largest and oldest covered markets in the world?","Istanbul, Turkey.",Correct.,1.1540300846099854
What is the official language of Qatar?,The official language of Qatar is Arabic. English is also widely spoken.,Correct.,1.2702362537384033
"Which Middle Eastern country is known for its ancient city of Byblos, often considered one of the oldest continuously inhabited cities in the world?","
Lebanon",Correct.,1.1413090229034424
Which Middle Eastern river serves as a natural boundary between Jordan and Israel?,The Jordan River serves as a natural boundary between Jordan and Israel. It separates the two countries along its course from Mount Hermon to the Dead Sea.,Correct.,1.5257468223571777
"Which Middle Eastern city is both a modern metropolis and the spiritual center of Islam, hosting millions of pilgrims annually for the Hajj?",Mecca,Correct.,1.1021161079406738
"Which gulf in the Middle East is known for its rich oil reserves and borders countries like Kuwait, Saudi Arabia, and the United Arab Emirates?","The Persian Gulf is known for its rich oil reserves and borders countries like Kuwait, Saudi Arabia, and the United Arab Emirates.",Correct.,1.5110042095184326
"Which Middle Eastern country is known for its diverse mountainous terrain, specifically the Taurus and Pontic mountain ranges, and has Ankara as its capital?",Turkey.,Correct.,1.15240478515625
Which Middle Eastern country has a Red Sea coastline and is home to the ancient cities of Petra and Amman?,Jordan,Correct.,1.1447958946228027
"Which Middle Eastern city, known for its historical and religious significance, is divided between Israeli and Palestinian authority and contains sites sacred to Judaism, Christianity, and Islam?","Jerusalem is a city with profound historical and religious importance, being shared between Israeli and Palestinian authorities, and housing significant sites revered by Jews, Christians, and Muslims.",Correct.,1.6705248355865479
"Which Middle Eastern country is known for its significant contributions to ancient mathematics, astronomy, and medicine, and has Baghdad as its capital?",Iraq,Correct.,1.1036808490753174
Which country in the Middle East is home to the historic city of Aleppo and has been a focal point of conflict in the 21st century?,Syria,Correct.,1.1945033073425293
Which Middle Eastern country is known for being a constitutional monarchy and has the city of Manama as its capital?,The country is Bahrain. It is located on the eastern coast of the Arabian Gulf.,Correct.,1.3395662307739258
Which famous canal provides a maritime shortcut between Europe and Asia by connecting the Mediterranean Sea to the Red Sea?,The Suez Canal is famous for providing this maritime shortcut. It was opened in 1869 and significantly reduces travel time between the two continents.,Correct.,1.5342159271240234
Which Middle Eastern city is known for its ancient rock-cut architecture and was the capital of the Nabataean Kingdom?,Petra.,Correct.,1.1773312091827393
Which Middle Eastern body of water is known for having the highest salinity concentration and is located between Jordan and Israel?,The Dead Sea is known for its extremely high salinity concentration. It is located between Jordan and Israel.,Correct.,1.4848170280456543
Which Middle Eastern country is known for its significant oil production and has Riyadh as its capital?,"Saudi Arabia is a major oil producer, with Riyadh serving as its capital.",Correct.,1.3708140850067139
Which Middle Eastern country is home to the ancient ruins of Persepolis and has a predominantly Persian-speaking population?,"The country is Iran, known for its rich history and Persian culture. It's home to the archaeological site of Persepolis, an ancient capital of the Achaemenid Empire.",Correct.,1.6922082901000977
What is the capital city of the country known for its historical trade city of Carthage?,"The capital city of Tunisia, which is known for its historical trade city of Carthage, is Tunis.",Correct.,1.3916077613830566
Which Middle Eastern country is known for its cedar trees and has Beirut as its capital?,Lebanon is known for its cedar trees and Beirut is its capital.,Correct.,1.268131971359253
Which Middle Eastern city is known as the site of the Dome of the Rock and the Al-Aqsa Mosque?,Jerusalem is known as the site of the Dome of the Rock and the Al-Aqsa Mosque.,Correct.,1.3776819705963135
Which body of water connects the Persian Gulf to the Gulf of Oman?,The Strait of Hormuz connects the Persian Gulf to the Gulf of Oman. It is a critical waterway for global oil shipments.,Correct.,1.450551986694336
Which Arab country shares borders with both the Mediterranean Sea and the Red Sea?,Egypt shares borders with both the Mediterranean Sea and the Red Sea.,Correct.,1.2908527851104736
"Which Middle Eastern desert is known as the ""Great Arabian Desert"" and primarily covers parts of Saudi Arabia?","The Great Arabian Desert, also known as the Rub' al Khali, is a vast sandy expanse primarily covering southern Saudi Arabia.",Correct.,1.4890129566192627
"Which Middle Eastern country's flag features a red triangle, a black bar, a green bar, and a white bar?","The flag of Jordan features a red triangle with a black bar on the left, a green bar in the middle, and a white bar on the right.",Correct.,1.5806329250335693
"Which Middle Eastern country has a predominantly Kurdish region known as Iraqi Kurdistan, with Erbil as its capital?",Iraq,Correct.,1.1359939575195312
Which river forms the western border of the historical region known as Mesopotamia?,The Euphrates River forms the western border of Mesopotamia.,Correct.,1.2932870388031006
"Which Middle Eastern country is home to the ancient city of Petra, a UNESCO World Heritage Site?",The ancient city of Petra is located in Jordan. It is famous for its rock-cut architecture and tombs.,Correct.,1.4041128158569336
Which Middle Eastern country is known for its rich oil reserves and has Abu Dhabi as its capital?,"The United Arab Emirates (UAE) is known for its vast oil reserves, with Abu Dhabi serving as its capital.",Correct.,1.4325981140136719
Which strait serves as a critical conduit for oil shipments between the Arabian Gulf and the Arabian Sea?,The Strait of Hormuz is crucial for oil shipments between the Arabian Gulf and the Arabian Sea.,Correct.,1.348802089691162
Which body of water separates Saudi Arabia from Iran?,The Gulf of Oman and the Strait of Hormuz separate Saudi Arabia from Iran.,Wrong.,1.3008849620819092
What is the official language of Oman?,"The official language of Oman is Arabic. English is also widely spoken, especially in business and tourism contexts.",Correct.,1.4550669193267822
Which Middle Eastern country is known for its cedar trees and has Beirut as its capital?,"Lebanon is known for its cedar trees, and Beirut serves as its capital.",Correct.,1.31217622756958
"Which Middle Eastern country, located at the crossroads of Europe and Asia, was formerly known as Persia?",Iran,Correct.,1.1071062088012695
"Which country in the Middle East is home to the ancient city of Ur, believed to be the birthplace of the biblical figure Abraham?",Iraq,Correct.,1.1526038646697998
Which Middle Eastern capital city is one of the oldest continuously inhabited cities in the world and serves as the capital of Syria?,"The ancient city of Damascus is the capital of Syria, renowned for its rich history and cultural heritage. It holds the distinction of being one of the oldest continuously inhabited cities on Earth.",Correct.,1.6741909980773926
"Which Middle Eastern country has the coastal city of Aqaba, providing its only access to the Red Sea?",The country is Jordan. Aqaba serves as the sole Red Sea port for Jordan.,Correct.,1.3509578704833984
"Which Middle Eastern nation is known for its annual camel festival, showcasing Bedouin culture and heritage?",United Arab Emirates is known for its annual camel festival.,Correct.,1.3446099758148193
"Which Middle Eastern country is known for its pyramids and the Nile River, and has Cairo as its capital?",Egypt,Correct.,1.0994601249694824
"Which Middle Eastern city is known for its vibrant gold market, often referred to as the ""City of Gold""?","The city known as the ""City of Gold"" due to its vibrant gold market in the Middle East is Dubai.",Correct.,1.4655029773712158
"Which Middle Eastern country, part of the Arabian Peninsula, is renowned for its frankincense trade and has Muscat as its capital?",Oman is renowned for its frankincense trade and has Muscat as its capital.,Correct.,1.358487844467163
Which two Middle Eastern countries are separated by the Strait of Hormuz?,The Strait of Hormuz separates Iran and Oman. It is a critical waterway for global oil transit.,Correct.,1.4207699298858643
