question,falcon,answer,verdict,time
What is the capital city of the United Arab Emirates?,The capital city of the United Arab Emirates is Abu Dhabi.,The capital city of the United Arab Emirates is Abu Dhabi.,Correct.,0.3850839138031006
"Which country is known as the ""Land of the Two Holy Mosques""?","Saudi Arabia is often referred to as the ""Land of the Two Holy Mosques"" because it contains the cities of Mecca and Medina, both of which are holy sites for Muslims.","Saudi Arabia is often referred to as the ""Land of the Two Holy Mosques"" because it contains the cities of Mecca and Medina, both of which are holy sites for Muslims.",Correct.,0.705359935760498
Who is the president of UAE?,"The current President of the United Arab Emirates (UAE) is His Highness Sheikh Mohammed bin Zayed Al Nahyan, also known as MbZ. He has been in office since 2004.",The President of the United Arab Emirates is His Highness Sheikh Mohamed bin Zayed Al Nahyan.,Wrong.,0.6675219535827637
Who is the president of UAE?,"The current President of the United Arab Emirates (UAE) is His Highness Sheikh Mohammed bin Zayed Al Nahyan, also known as MbZ. He has been in office since 2004.",The President of the United Arab Emirates is His Highness Sheikh Mohamed bin Zayed Al Nahyan.,Wrong.,0.6675219535827637
Who is the minister of AI in UAE?,Sheikh Nahyan bin Mubarak Al Nahyan is the Minister of Artificial Intelligence in the United Arab Emirates.,The Minister of State for Artificial Intelligence in the UAE is Omar Sultan Al Olama.,Wrong.,0.44524502754211426
Who is the minister of AI in UAE?,Sheikh Nahyan bin Mubarak Al Nahyan is the Minister of Artificial Intelligence in the United Arab Emirates.,The Minister of State for Artificial Intelligence in the UAE is Omar Sultan Al Olama.,Wrong.,0.44524502754211426
"What is the name of the world's tallest building, and in which city is it located?","The Burj Khalifa is the world's tallest building, standing at 828 meters (2,717 feet). It is located in Dubai, United Arab Emirates.","The Burj Khalifa is the world's tallest building, standing at 828 meters (2,717 feet). It is located in Dubai, United Arab Emirates.",Correct.,0.7015461921691895
What major natural resource is the Middle East particularly known for?,"The Middle East is particularly known for its vast reserves of oil, which is a major component of global energy production. This region accounts for a significant portion of the world's total oil supply.","The Middle East is particularly known for its vast reserves of oil, which is a major component of global energy production. This region accounts for a significant portion of the world's total oil supply.",Correct.,0.7345790863037109
Which river is considered the longest in the world?,"The Nile River is the longest river in the world, stretching approximately 4,135 miles (6,650 kilometers). It flows northward through northeastern Africa and empties into the Mediterranean Sea.","The Nile River is the longest river in the world, stretching approximately 4,135 miles (6,650 kilometers). It flows northward through northeastern Africa and empties into the Mediterranean Sea.",Correct.,0.7694098949432373
"Which city is known as the ""City of Gold"" and is a major business hub in the Middle East?","Dubai is known as the ""City of Gold"" and is a major business hub in the Middle East, recognized for its luxury shopping and modern architecture.","Dubai is known as the ""City of Gold"" and is a major business hub in the Middle East, recognized for its luxury shopping and modern architecture.",Correct.,0.6311030387878418
What is the official language of the United Arab Emirates?,The official language of the United Arab Emirates is Arabic. English is widely spoken throughout the country due to its economic importance and expatriate population.,The official language of the United Arab Emirates is Arabic. English is widely spoken throughout the country due to its economic importance and expatriate population.,Correct.,0.5785999298095703
Which Middle Eastern country is home to the ancient city of Petra?,The ancient city of Petra is located in Jordan. It was established as the capital of the Nabatean Kingdom around the 4th century BC.,The ancient city of Petra is located in Jordan. It was established as the capital of the Nabatean Kingdom around the 4th century BC.,Correct.,0.6200101375579834
What is the name of the currency used in Saudi Arabia?,The currency used in Saudi Arabia is the Saudi Riyal (SAR). It is pegged to the US Dollar at a fixed rate.,The currency used in Saudi Arabia is the Saudi Riyal (SAR). It is pegged to the US Dollar at a fixed rate.,Correct.,0.5800669193267822
Which two rivers define the region historically known as Mesopotamia?,The Tigris and Euphrates rivers define Mesopotamia. These rivers supported agriculture and were crucial for the development of early civilizations in the region.,The Tigris and Euphrates rivers define Mesopotamia. These rivers supported agriculture and were crucial for the development of early civilizations in the region.,Correct.,0.5827701091766357
"Which Middle Eastern country is known for hosting the ancient Persian Empire's ceremonial capital, Persepolis?","Iran is home to Persepolis, a UNESCO World Heritage Site that served as the ceremonial capital of the Achaemenid Empire, also known as the Persian Empire.","Iran is home to Persepolis, a UNESCO World Heritage Site that served as the ceremonial capital of the Achaemenid Empire, also known as the Persian Empire.",Correct.,0.6578731536865234
"What year did the United Arab Emirates gain independence, and from which country?","The United Arab Emirates gained independence in 1971, formerly a part of the United Kingdom.","The United Arab Emirates gained independence in 1971, formerly a part of the United Kingdom.",Correct.,0.5200281143188477
What is the name of the desert that covers much of Saudi Arabia and parts of the UAE?,"The Rub' al Khali, also known as the Empty Quarter, is a vast desert covering much of Saudi Arabia and parts of the UAE. It is characterized by large sand dunes and harsh environmental conditions.","The Rub' al Khali, also known as the Empty Quarter, is a vast desert covering much of Saudi Arabia and parts of the UAE. It is characterized by large sand dunes and harsh environmental conditions.",Correct.,0.761519193649292
Which Middle Eastern city is considered the oldest continuously inhabited city in the world?,,,It seems like your answer is missing. Would you like to provide it for verification?,0.2725229263305664
What is the largest island in the Middle East region?,The largest island in the Middle East region is Cyprus. It is an island country located in the eastern Mediterranean Sea.,The largest island in the Middle East region is Cyprus. It is an island country located in the eastern Mediterranean Sea.,Correct.,0.5316641330718994
What is the primary economic activity in the Persian Gulf states?,"The primary economic activities in the Persian Gulf states are oil production and export. Additionally, tourism and financial services are growing sectors.","The primary economic activities in the Persian Gulf states are oil production and export. Additionally, tourism and financial services are growing sectors.",Correct.,0.5500650405883789
Which sea connects to the Red Sea through the Suez Canal?,The Red Sea is connected to the Mediterranean Sea via the Suez Canal. This canal serves as a vital waterway for maritime trade.,The Red Sea is connected to the Mediterranean Sea via the Suez Canal. This canal serves as a vital waterway for maritime trade.,Correct.,0.5584030151367188
What is the largest religious denomination in Lebanon?,"The largest religious denomination in Lebanon is Christianity, specifically Maronite, Greek Orthodox, and Armenian Apostolic communities. The Christian population constitutes approximately 40% of Lebanon's total population.","The largest religious denomination in Lebanon is Islam, specifically the Shia and Sunni branches.",Wrong.,0.703920841217041
