udp,question,answer
1,Hello Tactica,"Welcome back Ali, how would you like to begin today? "
2,"Tactica, generate and zoom-in into an area of interest 900 kilometers  West to East by 350 kilometers North to South, centered over the Straits of Hormuz","Acknowledged, zooming into Strait of Hormuz with a zoom level 7. "
3,"Identify all Naval ports, military, and dual-use airfields within the area of interest.","Certainly. Highlighting all naval ports, military bases, and dual-use airfields."
4,Identify all island-based fixed coastal defensive and anti-shipping installations ,Identifying and generating all island-based fixed coastal defensive and anti-shipping installations
5,Identify and generate all fixed and mobile surface to air missile systems and aerial surveillance sites.,identifying and generating all detected fixed and mobile surface to air missile systems and aerial surveillance sites within the area of interest
6,"Tactica, Which airfield has the most military activity?","Based on the analysis, Konarak airfield, a dual-use airport, appears to have the highest and most consistent level of activity."
7,Zoom into the airport and tell me. What satellite imagery do you have over this airport? ,Zooming into the airport. Confirmed. there are 7 satellite images available from the last two weeks. This includes 4 optical images and 3 sar images. Let me know if you’d like to analyze them further
8,"Using the most recent high-resolution optical image, identify all military aircraft types at this airport.","The latest high-resolution optical image from the 11th of February 2025 shows, Two F-4 Phantom fighter aircraft parked in the open at the first western Operational Readiness Platform"
9,Is it operational?,"Yes, based on imagery from the past two weeks and beyond, the F-4 Phantom appears operational. An activity based intelligence analysis is also displayed for review."
10,Why is there no optical imagery from the last week?,"The area was projected to be cloudy during the past week, so only sar captures were prioritized for consistent monitoring."
11,analyze the latest two sar imagery ,sar imagery from the 14th of February 2025 shows two F-4 Phantoms; identified by strong radar linear dihedral energy returns. By the 15th of February 2025: no fighter aircraft were present within the ORP nor parking locations with the airfield.
12,Generate a 3D representation of F4 Phantom. ,Here is a 3D reconstructed F4 Phantom based on the detected image.
13,What about Bandar Abbas International Airport? Identify all military airplanes there.,"Using the latest optical imagery of Bandar Abbas Airport, dated 13th of February 2025, all military aircraft have been identified and documented."
14,Can Bandar Abbas operate and house Iran’s recently purchased SU-35 Flanker aircraft?,"The airport has two parallel runways, both suitable for the takeoff and landing of SU35 Flanker fighter aircraft. However, no imagery intelligence has confirmed the presence of SU-35s. The airport may also require upgrades to shelters and units for full operational capability"
15,Can you elaborate on the Shelters part?,"The Hardened Aircraft Shelters at Bandar Abbas Airport are currently insufficient for the SU35 requiring modifications like increased dimensions, reinforced structures, and upgraded systems to support secure and effective operations."
16,What are the capabilities of the SU-35 Flanker?,"The SU-35 is an advanced 4th generation multirole fighter aircraft with a payload capacity of 8000 kilogram, capable of carrying air-to-air, air-to-ground, anti-ship, anti-radiation, and ground-attack cruise missiles."
17,Is it a threat to UAE military forces if deployed from Bandar Abbas or Konarak Airports?,"If deployed from Bandar Abbas or Konarak airports, its combat radius of  one thousand six hundred kilo meters with internal fuel tanks enables operations deep into UAE airspace, other GCC countries, and the Gulf of Oman, posing a threat to naval and commercial shipping."
18,Where was the last detected location of the SU35 within the Area of Interest?,Access to this information is restricted. 
19,To what rank,Rank level 5
20,Yes. Give more information about the BNPP Alert.,"New thermal imagery shows increased heat discharge from the cooler. Previously; as of the 17th of January 2025, the reactor showed reduced activity evident by lower pond water temperature. This suggests Reactor number 1 is now fully operational. Additionally, construction activity is visible near Reactor #3"
21,I don’t know much about this location. What is BNPP?,"The Bushehr Nuclear Power Plant (BNPP) features a Russian-built VVER-1000 reactor, using 5% enriched uranium-235 fuel to generate 1000 mega watts. While Reactor 1 is operational, Reactors 2 and 3 are under construction."
22,Show me more information about the major changes in the Power Plant,"Based on detected thermal imagery, the plant was operational but showed reduced activity starting on the 19th of May 2024, with this status confirmed up to the most recent imagery on the 17th of January 2025. "
23,Generate and open the report on the Power Plant.,Here is the generated report. All collected information has been compiled into the report. Let me know if you'd like to review or refine any specific sections.
24,"Close it, Label it as restricted, and archive it. Also, increase thermal coverage of the area.",Report is desseminated. Additional Thermal Imagery for this AOI is requested. Next capture is expected on the 22nd of February 2025.
25,Thank you.,"You’re welcome, would you like further assistance?"
26,Take me to Bandar Abbas Naval port and show me the imagery there.,Zooming into Bandar Abbas port along with all available imagery.
27,Tell me more about this port?,"Bandar Abbas Port has three main areas: a commercial section used for fishing and trade, a naval military base, and an IRGC-controlled area.."
28,"Using this imagery, identify all naval ships within the naval port of Bandar Abbas",The following operational naval ships berthed within the port area are identified with confidence score listed. 
29,"Using the last optical imagery,  what changes are occurring within the naval port?","Changes of arrival and departure are highlighted.  
The arrival of major ships suggests resupply and minor maintenance before deployment, while the departure of patrol boats aligns with routine coastal patrols."
30,Highlight and List all changes using the latest sar and indicate if there is any abnormal activity?,Latest sar imagery shows the arrival of two Kaman class and one Tondor Patrol boats class and departure of one Kalvan class patrol boats. sar and optical change detection analysis shows ongoing normal activity
31,I am interested in the IRGC area. What military equipment is present in the IRGC area?,"Significant mixed equipment in circular formation near a modular tent are detected, likely for training and demonstration. Also, One Shahed 285 attack helicopter is detected on Shahid Soleimani corvette"
32,Zoom into the training and label each unit,Zoomed and labeled
33,What changes are observed in sar and optical imagery in the IRGC?,"Optical imagery showed no major changes while sar confirms the removal of All vehicle-mounted weapons, command vehicles, and UAVs leaving only fast patrol boats and modulars at the IRGC quay."
34,Is there any operational activity happening here? ,"Yes, high thermal energy is detected from Shahid Soleimani corvette at the IRGC quay, indicating engine activity and possible departure preparations"
35,What are your recommendations for the departed ships?,Here is a sar imagery to highlight dark vessels and key detection areas. Recommended to increase captures at these locations through SCANsar integration and monitoring ports for departures and arrivals.  
36,I am interested in Area 1. Identify and label all military ships in the last optical imagery in Area 1.,"Three naval ships are identified in Area 1. These are; Shahid Bagheri drone carrier, Shahid Mahdavi offshore support ship and Shahid Roudaki offshore support ship. Labelled accordingly."
37,Why are these ships here?,"The presence of these anchored ships, along with the demonstration activity at the IRGC, suggests a possible link between the two. It is likely that weapon systems and equipment are being evaluated for placement onboard before deployment. Further intelligence analysis is required to confirm"
38,Zoom into the Bagheri drone ship and provide more information,"Zooming in.  The Shahid Bagheri is an IRGC Navy drone carrier, originally a South Korean container ship named Perarin, converted between 2022-2024. Carrier is last detected on june 4, 2024 in Bostaanu."
39,Standby,I am on Standby